SUELTO;0101;7 VIDAS ADULTO GAT;0101;6000,00;0,00;peso;0;
SUELTO;0201;AGILITY ADULTO GAT;0201;8000,00;0,00;peso;0;
SUELTO;0202;AGILITY SALMON ADU;0202;9000,00;0,00;peso;0;
SUELTO;0203;AGILITY ADULTO PER;0203;4400,00;0,00;peso;0;
SUELTO;0204;AGILITY CORDERO AD;0204;6000,00;0,00;peso;0;
SUELTO;0205;AGILITY RP ADULTO ;0205;4800,00;0,00;peso;0;
SUELTO;0206;AGILITY CACHORRO P;0206;5200,00;0,00;peso;0;
SUELTO;0207;AGILITY DERMA PERR;0207;5500,00;0,00;peso;0;
SUELTO;0208;AGILITY KITTEN GAT;0208;8600,00;0,00;peso;0;
SUELTO;0209;AGILITY LIGHT PERR;0209;5500,00;0,00;peso;0;
SUELTO;0210;AGILITY SENIOR PER;0210;5400,00;0,00;peso;0;
SUELTO;0211;AGILITY STERILIZED;0211;9000,00;0,00;peso;0;
SUELTO;0212;AGILITY URINARY GA;0212;8600,00;0,00;peso;0;
SUELTO;0301;BALANCE ADULTO GAT;0301;9500,00;0,00;peso;0;
SUELTO;0302;BALANCE ADULTO PER;0302;4800,00;0,00;peso;0;
SUELTO;0303;BALANCE RP ADULTO ;0303;6300,00;0,00;peso;0;
SUELTO;0304;BALANCE CACHORRO P;0304;5700,00;0,00;peso;0;
SUELTO;0305;BALANCE RP CACHORR;0305;7500,00;0,00;peso;0;
SUELTO;0306;BALANCE KITTEN GAT;0306;11200,00;0,00;peso;0;
SUELTO;0401;BONELO ADULTO PERR;0401;3000,00;0,00;peso;0;
SUELTO;0501;BONZO ADULTO PERRO;0501;2300,00;0,00;peso;0;
SUELTO;0601;CAT CHOW ADULTO GA;0601;6900,00;0,00;peso;0;
SUELTO;0602;CAT CHOW KITTEN GA;0602;7500,00;0,00;peso;0;
SUELTO;0603;CAT CHOW STERILIZE;0603;7700,00;0,00;peso;0;
SUELTO;0701;CHASQUE ADULTO GAT;0701;2800,00;0,00;peso;0;
SUELTO;0702;CHASQUE ADULTO PER;0702;1700,00;0,00;peso;0;
SUELTO;0801;DOG CHOW RP ADULTO;0801;3800,00;0,00;peso;0;
SUELTO;0802;DOG CHOW ADULTO PE;0802;3600,00;0,00;peso;0;
SUELTO;0803;DOG CHOW RP CACHOR;0803;4100,00;0,00;peso;0;
SUELTO;0804;DOG CHOW CACHORRO ;0804;3900,00;0,00;peso;0;
SUELTO;0805;DOG CHOW SENIOR PE;0805;3900,00;0,00;peso;0;
SUELTO;0901;DOG SELECTION ADUL;0901;2100,00;0,00;peso;0;
SUELTO;1001;DOGUI ADULTO PERRO;1001;2500,00;0,00;peso;0;
SUELTO;1002;DOGUI CACHORRO PER;1002;2700,00;0,00;peso;0;
SUELTO;1101;DR. COSSIA CLASSIC;1101;3100,00;0,00;peso;0;
SUELTO;1102;DR. COSSIA COMPLET;1102;3600,00;0,00;peso;0;
SUELTO;1103;DR. COSSIA GREEN L;1103;4700,00;0,00;peso;0;
SUELTO;1104;DR. COSSIA PREMIUM;1104;3900,00;0,00;peso;0;
SUELTO;1105;DR. COSSIA SUPER P;1105;4600,00;0,00;peso;0;
SUELTO;1106;DR. COSSIA PREMIUM;1106;4000,00;0,00;peso;0;
SUELTO;1107;DR. COSSIA SUPER P;1107;4700,00;0,00;peso;0;
SUELTO;1108;DR. COSSIA COMPLET;1108;4200,00;0,00;peso;0;
SUELTO;1201;EUKANUBA ADULTO GA;1201;11800,00;0,00;peso;0;
SUELTO;1202;EUKANUBA ADULTO PE;1202;8000,00;0,00;peso;0;
SUELTO;1203;EUKANUBA RP ADULTO;1203;8400,00;0,00;peso;0;
SUELTO;1204;EUKANUBA CACHORRO ;1204;8300,00;0,00;peso;0;
SUELTO;1205;EUKANUBA RP CACHOR;1205;8500,00;0,00;peso;0;
SUELTO;1301;EXCELLENT ADULTO G;1301;10000,00;0,00;peso;0;
SUELTO;1302;EXCELLENT RP ADULT;1302;5800,00;0,00;peso;0;
SUELTO;1303;EXCELLENT ADULTO P;1303;5500,00;0,00;peso;0;
SUELTO;1304;EXCELLENT RP CACHO;1304;6300,00;0,00;peso;0;
SUELTO;1305;EXCELLENT CACHORRO;1305;6000,00;0,00;peso;0;
SUELTO;1306;EXCELLENT DERMA PE;1306;6000,00;0,00;peso;0;
SUELTO;1307;EXCELLENT KITTEN G;1307;11500,00;0,00;peso;0;
SUELTO;1308;EXCELLENT LIGHT PE;1308;6400,00;0,00;peso;0;
SUELTO;1309;EXCELLENT SENIOR P;1309;6100,00;0,00;peso;0;
SUELTO;1310;EXCELLENT STERILIZ;1310;11800,00;0,00;peso;0;
SUELTO;1311;EXCELLENT URINARY ;1311;11500,00;0,00;peso;0;
SUELTO;1401;FELIX ADULTO GATO;1401;6000,00;0,00;peso;0;
SUELTO;1402;FELIX KITTEN GATO;1402;6700,00;0,00;peso;0;
SUELTO;1501;FULL NUTRITION ADU;1501;2300,00;0,00;peso;0;
SUELTO;1601;GATI ADULTO GATO;1601;3900,00;0,00;peso;0;
SUELTO;1701;GOOSTER ADULTO GAT;1701;4700,00;0,00;peso;0;
SUELTO;1702;GOOSTER ADULTO PER;1702;3000,00;0,00;peso;0;
SUELTO;1703;GOOSTER CACHORRO P;1703;3800,00;0,00;peso;0;
SUELTO;1801;GRAN PASTOR ADULTO;1801;3300,00;0,00;peso;0;
SUELTO;1802;GRAN PASTOR RP ADU;1802;3700,00;0,00;peso;0;
SUELTO;1901;KONGO ADULTO GATO;1901;4000,00;0,00;peso;0;
SUELTO;1902;KONGO CLASSIC ADUL;1902;2400,00;0,00;peso;0;
SUELTO;1903;KONGO GOLD ADULTO ;1903;3000,00;0,00;peso;0;
SUELTO;1904;KONGO GOLD RP ADUL;1904;3300,00;0,00;peso;0;
SUELTO;1905;KONGO RP ADULTO PE;1905;2600,00;0,00;peso;0;
SUELTO;1906;KONGO CLASSIC CACH;1906;2700,00;0,00;peso;0;
SUELTO;1907;KONGO GOLD CACHORR;1907;3300,00;0,00;peso;0;
SUELTO;1908;KONGO KITTEN GATO;1908;4600,00;0,00;peso;0;
SUELTO;2001;MASTER ADULTO PERR;2001;4000,00;0,00;peso;0;
SUELTO;2002;MASTER RP ADULTO P;2002;4000,00;0,00;peso;0;
SUELTO;2003;MASTER CACHORRO PE;2003;4800,00;0,00;peso;0;
SUELTO;2004;MASTER RP CACHORRO;2004;4800,00;0,00;peso;0;
SUELTO;2005;MASTER LIGHT PERRO;2005;5300,00;0,00;peso;0;
SUELTO;2006;MASTER STERILIZED ;2006;8700,00;0,00;peso;0;
SUELTO;2007;MASTER URINARY GAT;2007;8700,00;0,00;peso;0;
SUELTO;2101;MAXXIUM TRUCHA ADU;2101;9000,00;0,00;peso;0;
SUELTO;2102;MAXXIUM CORDERO AD;2102;6500,00;0,00;peso;0;
SUELTO;2103;MAXXIUM POLLO ADUL;2103;5800,00;0,00;peso;0;
SUELTO;2104;MAXXIUM ADULTO PER;2104;5000,00;0,00;peso;0;
SUELTO;2105;MAXXIUM CACHORRO P;2105;5500,00;0,00;peso;0;
SUELTO;2106;MAXXIUM POLLO CACH;2106;5600,00;0,00;peso;0;
SUELTO;2201;MV ARTICULAR ADULT;2201;7000,00;0,00;peso;0;
SUELTO;2202;MV RENAL ADULTO PE;2202;7000,00;0,00;peso;0;
SUELTO;2301;MV CARDIO ADULTO P;2301;7000,00;0,00;peso;0;
SUELTO;2401;MV GASTROINSTESTIN;2401;10000,00;0,00;peso;0;
SUELTO;2501;NATURAL CHICHE ADU;2501;6700,00;0,00;peso;0;
SUELTO;2601;NATURAL CHOICE ADU;2601;3900,00;0,00;peso;0;
SUELTO;2602;NATURAL CHOICE RP ;2602;4800,00;0,00;peso;0;
SUELTO;2603;NATURAL CHOICE CAC;2603;4600,00;0,00;peso;0;
SUELTO;2701;OLD PRINCE COMPLET;2701;8400,00;0,00;peso;0;
SUELTO;2702;OLD PRINCE PREMIUM;2702;6000,00;0,00;peso;0;
SUELTO;2703;OLD PRINCE CORDERO;2703;5600,00;0,00;peso;0;
SUELTO;2704;OLD PRINCE EQUILIB;2704;4600,00;0,00;peso;0;
SUELTO;2705;OLD PRINCE EQUILIB;2705;5400,00;0,00;peso;0;
SUELTO;2706;OLD PRINCE NOVELES;2706;6300,00;0,00;peso;0;
SUELTO;2707;OLD PRINCE NOVELES;2707;7000,00;0,00;peso;0;
SUELTO;2708;OLD PRINCE PREMIUM;2708;3700,00;0,00;peso;0;
SUELTO;2709;OLD PRINCE EQUILIB;2709;5400,00;0,00;peso;0;
SUELTO;2710;OLD PRINCE EQUILIB;2710;5700,00;0,00;peso;0;
SUELTO;2711;OLD PRINCE NOVELES;2711;7000,00;0,00;peso;0;
SUELTO;2712;OLD PRINCE PREMIUM;2712;4100,00;0,00;peso;0;
SUELTO;2713;OLD PRINCE NOVELES;2713;6700,00;0,00;peso;0;
SUELTO;2801;PEDIGREE ADULTO PE;2801;4000,00;0,00;peso;0;
SUELTO;2802;PEDIGREE RP ADULTO;2802;4000,00;0,00;peso;0;
SUELTO;2803;PEDIGREE CACHORRO ;2803;4200,00;0,00;peso;0;
SUELTO;2804;PEDIGREE RP CACHOR;2804;4200,00;0,00;peso;0;
SUELTO;2805;PEDIGREE SENIOR PE;2805;4000,00;0,00;peso;0;
SUELTO;2901;PERFORMANCE ADULTO;2901;12500,00;0,00;peso;0;
SUELTO;2902;PERFORMANCE ADULTO;2902;7500,00;0,00;peso;0;
SUELTO;2903;PERFORMANCE CACHOR;2903;8200,00;0,00;peso;0;
SUELTO;2904;PERFORMANCE KITTEN;2904;13300,00;0,00;peso;0;
SUELTO;2905;PERFORMANCE LIGHT ;2905;7500,00;0,00;peso;0;
SUELTO;3001;PRO PLAN ADULTO GA;3001;15000,00;0,00;peso;0;
SUELTO;3002;PRO PLAN ADULTO PE;3002;10000,00;0,00;peso;0;
SUELTO;3003;PRO PLAN EN ADULTO;3003;10500,00;0,00;peso;0;
SUELTO;3004;PRO PLAN NF ADULTO;3004;11500,00;0,00;peso;0;
SUELTO;3005;PRO PLAN RP ADULTO;3005;12500,00;0,00;peso;0;
SUELTO;3006;PRO PLAN URINARY A;3006;10300,00;0,00;peso;0;
SUELTO;3007;PRO PLAN CACHORRO ;3007;11000,00;0,00;peso;0;
SUELTO;3008;PRO PLAN RP CACHOR;3008;13500,00;0,00;peso;0;
SUELTO;3009;PRO PLAN RP DERMA ;3009;14000,00;0,00;peso;0;
SUELTO;3010;PRO PLAN KITTEN GA;3010;18000,00;0,00;peso;0;
SUELTO;3011;PRO PLAN LIGHT PER;3011;11500,00;0,00;peso;0;
SUELTO;3012;PRO PLAN RP LIGHT ;3012;14000,00;0,00;peso;0;
SUELTO;3013;PRO PLAN SENIOR GA;3013;17500,00;0,00;peso;0;
SUELTO;3014;PRO PLAN SENIOR PE;3014;11000,00;0,00;peso;0;
SUELTO;3015;PRO PLAN RP SENIOR;3015;13500,00;0,00;peso;0;
SUELTO;3016;PRO PLAN URINARY G;3016;16000,00;0,00;peso;0;
SUELTO;3101;REY CAN ADULTO PER;3101;2300,00;0,00;peso;0;
SUELTO;3102;REY CAN CACHORRO P;3102;3000,00;0,00;peso;0;
SUELTO;3201;REY CAT ADULTO GAT;3201;3500,00;0,00;peso;0;
SUELTO;3301;ROYAL CANIN HEPATI;3301;17000,00;0,00;peso;0;
SUELTO;3302;ROYAL CANIN HIPOAL;3302;18000,00;0,00;peso;0;
SUELTO;3303;ROYAL CANIN RENAL ;3303;16000,00;0,00;peso;0;
SUELTO;3304;ROYAL CANIN URINAR;3304;17000,00;0,00;peso;0;
SUELTO;3305;ROYAL CANIN ADULTO;3305;15000,00;0,00;peso;0;
SUELTO;3306;ROYAL CANIN CARDIA;3306;18000,00;0,00;peso;0;
SUELTO;3307;ROYAL CANIN DIABET;3307;18000,00;0,00;peso;0;
SUELTO;3308;ROYAL CANIN CACHOR;3308;14000,00;0,00;peso;0;
SUELTO;3309;ROYAL CANIN URINAR;3309;25000,00;0,00;peso;0;
SUELTO;3401;ROYAL CANIN RP CAR;3401;8800,00;0,00;peso;0;
SUELTO;3501;ROYAL CANIN GASTRO;3501;15500,00;0,00;peso;0;
SUELTO;3601;ROYAL FIT ADULTO G;3601;21000,00;0,00;peso;0;
SUELTO;3701;SABROSITO ADULTO G;3701;2800,00;0,00;peso;0;
SUELTO;3702;SABROSITO ADULTO P;3702;1900,00;0,00;peso;0;
SUELTO;3703;SABROSITO RP ADULT;3703;2200,00;0,00;peso;0;
SUELTO;3704;SABROSITO CACHORRO;3704;2500,00;0,00;peso;0;
SUELTO;3801;SIEGER ADULTO GATO;3801;14200,00;0,00;peso;0;
SUELTO;3802;SIEGER CRIADORES A;3802;10000,00;0,00;peso;0;
SUELTO;3803;SIEGER ADULTO PERR;3803;7500,00;0,00;peso;0;
SUELTO;3804;SIEGER CRIADORES A;3804;6000,00;0,00;peso;0;
SUELTO;3805;SIEGER RP ADULTO P;3805;7900,00;0,00;peso;0;
SUELTO;3806;SIEGER CACHORRO PE;3806;8000,00;0,00;peso;0;
SUELTO;3807;SIEGER RP CACHORRO;3807;8600,00;0,00;peso;0;
SUELTO;3808;SIEGER DERMA PERRO;3808;9000,00;0,00;peso;0;
SUELTO;3809;SIEGER KITTEN GATO;3809;14200,00;0,00;peso;0;
SUELTO;3810;SIEGER LIGHT PERRO;3810;7800,00;0,00;peso;0;
SUELTO;3811;SIEGER SENIOR GATO;3811;16400,00;0,00;peso;0;
SUELTO;3812;SIEGER SENIOR PERR;3812;7900,00;0,00;peso;0;
SUELTO;3813;SIEGER RP SENIOR P;3813;8600,00;0,00;peso;0;
SUELTO;3814;SIEGER STERILIZED ;3814;14200,00;0,00;peso;0;
SUELTO;3815;SIEGER URINARY GAT;3815;14200,00;0,00;peso;0;
SUELTO;3901;SIMPLI ADULTO GATO;3901;3200,00;0,00;peso;0;
SUELTO;3902;SIMPLI ADULTO PERR;3902;2100,00;0,00;peso;0;
SUELTO;3903;SIMPLI CACHORRO PE;3903;2600,00;0,00;peso;0;
SUELTO;4001;THERAPY GASTRO ADU;4001;10200,00;0,00;peso;0;
SUELTO;4002;THERAPY OBESITY AD;4002;10700,00;0,00;peso;0;
SUELTO;4003;THERAPY RENAL ADUL;4003;10600,00;0,00;peso;0;
SUELTO;4101;TIERNITOS ADULTO P;4101;1600,00;0,00;peso;0;
SUELTO;4201;UPPER CROCK ADULTO;4201;4300,00;0,00;peso;0;
SUELTO;4202;UPPER CROCK ADULTO;4202;3200,00;0,00;peso;0;
SUELTO;4203;UPPER CROCK CERDO ;4203;4500,00;0,00;peso;0;
SUELTO;4204;UPPER CROCK RP ADU;4204;3600,00;0,00;peso;0;
SUELTO;4205;UPPER CROCK CACHOR;4205;3500,00;0,00;peso;0;
SUELTO;4206;UPPER CROCK KITTEN;4206;6700,00;0,00;peso;0;
SUELTO;4207;UPPER CROCK STERIL;4207;6800,00;0,00;peso;0;
SUELTO;4208;UPPER CROCK URINAR;4208;6800,00;0,00;peso;0;
SUELTO;4301;VITALCAN PREMIUM A;4301;3300,00;0,00;peso;0;
SUELTO;4401;VORAZ ADULTO GATO;4401;3000,00;0,00;peso;0;
SUELTO;4402;VORAZ ADULTO PERRO;4402;1800,00;0,00;peso;0;
SUELTO;4403;VORAZ CACHORRO PER;4403;2400,00;0,00;peso;0;
SUELTO;4404;VORAZ KITTEN GATO;4404;3400,00;0,00;peso;0;
SUELTO;4501;WHISKAS ADULTO GAT;4501;6100,00;0,00;peso;0;
SUELTO;4502;WHISKAS KITTEN GAT;4502;6100,00;0,00;peso;0;
SUELTO;4503;WHISKAS STERILIZED;4503;6700,00;0,00;peso;0;
SUELTO;4601;YENU ADULTO GATO;4601;6000,00;0,00;peso;0;
SUELTO;4602;YENU ADULTO PERRO;4602;3300,00;0,00;peso;0;
SUELTO;4603;YENU RP ADULTO PER;4603;4000,00;0,00;peso;0;
SUELTO;4604;YENU CACHORRO PERR;4604;4000,00;0,00;peso;0;
